asset_id,image_path,family,state,status,scope,generation_order,source_reference,image_instruction,3d_strategy,mesh_output,notes
doors__standard__door_standard_reference,doors/standard/door_standard_reference.png,door_standard,reference,DONE,MVP,,,,shared_hinged_mesh,models/doors/door_standard.glb,Validated Batch 01; do not regenerate unless explicitly replacing the canonical asset.
doors__standard__door_standard_closed,doors/standard/door_standard_closed.png,door_standard,closed,DONE,MVP,,,,shared_hinged_mesh,models/doors/door_standard.glb,Validated Batch 01; do not regenerate unless explicitly replacing the canonical asset.
doors__standard__door_standard_open,doors/standard/door_standard_open.png,door_standard,open,DONE,MVP,,,,shared_hinged_mesh,models/doors/door_standard.glb,Validated Batch 01; do not regenerate unless explicitly replacing the canonical asset.
doors__standard__door_standard_damaged,doors/standard/door_standard_damaged.png,door_standard,damaged,DONE,MVP,,,,variant_mesh_or_damage_overlay,models/doors/door_standard_damaged.glb,Validated Batch 01; do not regenerate unless explicitly replacing the canonical asset.
doors__standard__door_standard_destroyed,doors/standard/door_standard_destroyed.png,door_standard,destroyed,DONE,MVP,,,,variant_mesh,models/doors/door_standard_destroyed.glb,Validated Batch 01; do not regenerate unless explicitly replacing the canonical asset.
storage__vault_chest__vault_chest_reference,storage/vault_chest/vault_chest_reference.png,vault_chest,reference,DONE,MVP,,,,shared_hinged_mesh,models/storage/vault_chest.glb,Validated Batch 01; do not regenerate unless explicitly replacing the canonical asset.
storage__vault_chest__vault_chest_closed_full,storage/vault_chest/vault_chest_closed_full.png,vault_chest,closed_full,DONE,MVP,,,,shared_hinged_mesh_plus_contents,models/storage/vault_chest.glb,Validated Batch 01; do not regenerate unless explicitly replacing the canonical asset.
storage__vault_chest__vault_chest_open_empty,storage/vault_chest/vault_chest_open_empty.png,vault_chest,open_empty,DONE,MVP,,,,shared_hinged_mesh,models/storage/vault_chest.glb,Validated Batch 01; do not regenerate unless explicitly replacing the canonical asset.
storage__vault_chest__vault_chest_destroyed,storage/vault_chest/vault_chest_destroyed.png,vault_chest,destroyed,DONE,MVP,,,,variant_mesh,models/storage/vault_chest_destroyed.glb,Validated Batch 01; do not regenerate unless explicitly replacing the canonical asset.
traps__spines__trap_spines_reference,traps/spines/trap_spines_reference.png,trap_spines,reference,DONE,MVP,,,,animated_mesh,models/traps/trap_spines.glb,Validated Batch 01; do not regenerate unless explicitly replacing the canonical asset.
traps__spines__trap_spines_armed,traps/spines/trap_spines_armed.png,trap_spines,armed,DONE,MVP,,,,animated_mesh,models/traps/trap_spines.glb,Validated Batch 01; do not regenerate unless explicitly replacing the canonical asset.
traps__spines__trap_spines_triggered,traps/spines/trap_spines_triggered.png,trap_spines,triggered,DONE,MVP,,,,animated_mesh,models/traps/trap_spines.glb,Validated Batch 01; do not regenerate unless explicitly replacing the canonical asset.
core__core_reference,core/core_reference.png,core,reference,DONE,MVP,,,,static_mesh_plus_vfx,models/core/core_healthy.glb,Validated Batch 01; do not regenerate unless explicitly replacing the canonical asset.
core__core_healthy,core/core_healthy.png,core,healthy,DONE,MVP,,,,static_mesh_plus_vfx,models/core/core_healthy.glb,Validated Batch 01; do not regenerate unless explicitly replacing the canonical asset.
storage__vault_chest__vault_chest_closed_empty,storage/vault_chest/vault_chest_closed_empty.png,vault_chest,closed_empty,TO_GENERATE,MVP,1,storage/vault_chest/vault_chest_reference.png,Edit the canonical vault chest only: keep the lid closed and preserve every design detail; depict the chest as empty with no visible treasure.,shared_hinged_mesh,models/storage/vault_chest.glb,
storage__vault_chest__vault_chest_open_full,storage/vault_chest/vault_chest_open_full.png,vault_chest,open_full,TO_GENERATE,MVP,2,storage/vault_chest/vault_chest_reference.png,Edit the canonical vault chest only: open the existing lid on its hinges and fill the interior with warm gold treasure; preserve exact geometry/material identity.,shared_hinged_mesh_plus_contents,models/storage/vault_chest.glb,
traps__spines__trap_spines_broken,traps/spines/trap_spines_broken.png,trap_spines,broken,TO_GENERATE,MVP,3,traps/spines/trap_spines_reference.png,"Edit the canonical spines trap only: several spikes snapped or bent, mechanism visibly disabled, same base and materials.",variant_mesh,models/traps/trap_spines_broken.glb,
core__core_damaged,core/core_damaged.png,core,damaged,TO_GENERATE,MVP,4,core/core_reference.png,"Edit the canonical Dungeon Core only into the damaged gameplay state. Preserve the same suspended black void/anomaly identity, base, floating stones and proportions; vary cracks, fragmentation and energy intensity, never turn it into a generic crystal.",variant_mesh_plus_vfx,models/core/core_damaged.glb,
core__core_critical,core/core_critical.png,core,critical,TO_GENERATE,MVP,5,core/core_reference.png,"Edit the canonical Dungeon Core only into the critical gameplay state. Preserve the same suspended black void/anomaly identity, base, floating stones and proportions; vary cracks, fragmentation and energy intensity, never turn it into a generic crystal.",variant_mesh_plus_vfx,models/core/core_critical.glb,
core__core_destroyed,core/core_destroyed.png,core,destroyed,TO_GENERATE,MVP,6,core/core_reference.png,"Edit the canonical Dungeon Core only into the destroyed gameplay state. Preserve the same suspended black void/anomaly identity, base, floating stones and proportions; vary cracks, fragmentation and energy intensity, never turn it into a generic crystal.",variant_mesh_plus_vfx,models/core/core_destroyed.glb,
traps__grasp__trap_grasp_reference,traps/grasp/trap_grasp_reference.png,trap_grasp,reference,TO_GENERATE,MVP,7,,Create the canonical Grasp trap: supernatural stone/void hand mechanism integrated into a square dungeon floor base.,animated_mesh,models/traps/trap_grasp.glb,
traps__grasp__trap_grasp_hidden,traps/grasp/trap_grasp_hidden.png,trap_grasp,hidden,TO_GENERATE,MVP,8,traps/grasp/trap_grasp_reference.png,Same canonical Grasp trap fully retracted beneath the floor; only subtle seams/sigil visible.,animated_mesh,models/traps/trap_grasp.glb,
traps__grasp__trap_grasp_active,traps/grasp/trap_grasp_active.png,trap_grasp,active,TO_GENERATE,MVP,9,traps/grasp/trap_grasp_reference.png,Same canonical Grasp trap with the hand erupted upward and reaching.,animated_mesh,models/traps/trap_grasp.glb,
traps__grasp__trap_grasp_broken,traps/grasp/trap_grasp_broken.png,trap_grasp,broken,TO_GENERATE,MVP,10,traps/grasp/trap_grasp_reference.png,"Same canonical Grasp trap destroyed/collapsed, hand fractured and mechanism unusable.",variant_mesh,models/traps/trap_grasp_broken.glb,
traps__void__trap_void_reference,traps/void/trap_void_reference.png,trap_void,reference,TO_GENERATE,MVP,11,,Create the canonical Void trap: circular supernatural rift mechanism embedded in a square dungeon floor base.,animated_mesh,models/traps/trap_void.glb,
traps__void__trap_void_inactive,traps/void/trap_void_inactive.png,trap_void,inactive,TO_GENERATE,MVP,12,traps/void/trap_void_reference.png,"Same Void trap dormant: dark sealed center, faint violet ring only.",animated_mesh,models/traps/trap_void.glb,
traps__void__trap_void_active,traps/void/trap_void_active.png,trap_void,active,TO_GENERATE,MVP,13,traps/void/trap_void_reference.png,Same Void trap active: stable black-violet spatial rift with restrained emissive edge.,animated_mesh,models/traps/trap_void.glb,
traps__void__trap_void_collapsed,traps/void/trap_void_collapsed.png,trap_void,collapsed,TO_GENERATE,MVP,14,traps/void/trap_void_reference.png,"Same Void trap after failure: ring cracked/collapsed, rift gone, residual faint violet energy.",variant_mesh,models/traps/trap_void_collapsed.glb,
traps__watcher__trap_watcher_reference,traps/watcher/trap_watcher_reference.png,trap_watcher,reference,TO_GENERATE,MVP,15,,Create the canonical Watcher trap: eerie non-human stone watcher idol integrated on a compact dungeon base; supernatural rather than conventional turret.,animated_mesh,models/traps/trap_watcher.glb,
traps__watcher__trap_watcher_idle,traps/watcher/trap_watcher_idle.png,trap_watcher,idle,TO_GENERATE,MVP,16,traps/watcher/trap_watcher_reference.png,"Same Watcher trap dormant, eye/sensor dim.",animated_mesh,models/traps/trap_watcher.glb,
traps__watcher__trap_watcher_alert,traps/watcher/trap_watcher_alert.png,trap_watcher,alert,TO_GENERATE,MVP,17,traps/watcher/trap_watcher_reference.png,"Same Watcher trap awakened, eye/sensor bright and aimed.",animated_mesh,models/traps/trap_watcher.glb,
traps__watcher__trap_watcher_firing,traps/watcher/trap_watcher_firing.png,trap_watcher,firing,TO_GENERATE,MVP,18,traps/watcher/trap_watcher_reference.png,Same Watcher trap actively projecting a focused violet supernatural beam.,animated_mesh,models/traps/trap_watcher.glb,
traps__watcher__trap_watcher_destroyed,traps/watcher/trap_watcher_destroyed.png,trap_watcher,destroyed,TO_GENERATE,MVP,19,traps/watcher/trap_watcher_reference.png,"Same Watcher trap smashed and disabled, identifiable remains on the same base.",variant_mesh,models/traps/trap_watcher_destroyed.glb,
traps__future__pit__trap_pit_reference,traps/future/pit/trap_pit_reference.png,trap_pit,reference,TO_GENERATE,POST_MVP,20,,"Create the canonical pit trap in the reference state, keeping the same exact design family and the project art direction.",animated_mesh,models/traps/pit/trap_pit.glb,
traps__future__pit__trap_pit_closed,traps/future/pit/trap_pit_closed.png,trap_pit,closed,TO_GENERATE,POST_MVP,21,traps/future/pit/trap_pit_reference.png,"Edit the canonical pit trap in the closed state, keeping the same exact design family and the project art direction.",animated_mesh,models/traps/pit/trap_pit.glb,
traps__future__pit__trap_pit_open,traps/future/pit/trap_pit_open.png,trap_pit,open,TO_GENERATE,POST_MVP,22,traps/future/pit/trap_pit_reference.png,"Edit the canonical pit trap in the open state, keeping the same exact design family and the project art direction.",animated_mesh,models/traps/pit/trap_pit.glb,
traps__future__pit__trap_pit_broken,traps/future/pit/trap_pit_broken.png,trap_pit,broken,TO_GENERATE,POST_MVP,23,traps/future/pit/trap_pit_reference.png,"Edit the canonical pit trap in the broken state, keeping the same exact design family and the project art direction.",variant_mesh,models/traps/pit/trap_pit_broken.glb,
traps__future__boulder__trap_boulder_reference,traps/future/boulder/trap_boulder_reference.png,trap_boulder,reference,TO_GENERATE,POST_MVP,24,,"Create the canonical boulder trap in the reference state, keeping the same exact design family and the project art direction.",animated_mesh,models/traps/boulder/trap_boulder.glb,
traps__future__boulder__trap_boulder_ready,traps/future/boulder/trap_boulder_ready.png,trap_boulder,ready,TO_GENERATE,POST_MVP,25,traps/future/boulder/trap_boulder_reference.png,"Edit the canonical boulder trap in the ready state, keeping the same exact design family and the project art direction.",animated_mesh,models/traps/boulder/trap_boulder.glb,
traps__future__boulder__trap_boulder_rolling,traps/future/boulder/trap_boulder_rolling.png,trap_boulder,rolling,TO_GENERATE,POST_MVP,26,traps/future/boulder/trap_boulder_reference.png,"Edit the canonical boulder trap in the rolling state, keeping the same exact design family and the project art direction.",animated_mesh,models/traps/boulder/trap_boulder.glb,
traps__future__boulder__trap_boulder_broken,traps/future/boulder/trap_boulder_broken.png,trap_boulder,broken,TO_GENERATE,POST_MVP,27,traps/future/boulder/trap_boulder_reference.png,"Edit the canonical boulder trap in the broken state, keeping the same exact design family and the project art direction.",variant_mesh,models/traps/boulder/trap_boulder_broken.glb,
traps__future__arrow__trap_arrow_reference,traps/future/arrow/trap_arrow_reference.png,trap_arrow,reference,TO_GENERATE,POST_MVP,28,,"Create the canonical arrow trap in the reference state, keeping the same exact design family and the project art direction.",animated_mesh,models/traps/arrow/trap_arrow.glb,
traps__future__arrow__trap_arrow_retracted,traps/future/arrow/trap_arrow_retracted.png,trap_arrow,retracted,TO_GENERATE,POST_MVP,29,traps/future/arrow/trap_arrow_reference.png,"Edit the canonical arrow trap in the retracted state, keeping the same exact design family and the project art direction.",animated_mesh,models/traps/arrow/trap_arrow.glb,
traps__future__arrow__trap_arrow_firing,traps/future/arrow/trap_arrow_firing.png,trap_arrow,firing,TO_GENERATE,POST_MVP,30,traps/future/arrow/trap_arrow_reference.png,"Edit the canonical arrow trap in the firing state, keeping the same exact design family and the project art direction.",animated_mesh,models/traps/arrow/trap_arrow.glb,
traps__future__arrow__trap_arrow_broken,traps/future/arrow/trap_arrow_broken.png,trap_arrow,broken,TO_GENERATE,POST_MVP,31,traps/future/arrow/trap_arrow_reference.png,"Edit the canonical arrow trap in the broken state, keeping the same exact design family and the project art direction.",variant_mesh,models/traps/arrow/trap_arrow_broken.glb,
traps__future__flame__trap_flame_reference,traps/future/flame/trap_flame_reference.png,trap_flame,reference,TO_GENERATE,POST_MVP,32,,"Create the canonical flame trap in the reference state, keeping the same exact design family and the project art direction.",animated_mesh,models/traps/flame/trap_flame.glb,
traps__future__flame__trap_flame_inactive,traps/future/flame/trap_flame_inactive.png,trap_flame,inactive,TO_GENERATE,POST_MVP,33,traps/future/flame/trap_flame_reference.png,"Edit the canonical flame trap in the inactive state, keeping the same exact design family and the project art direction.",animated_mesh,models/traps/flame/trap_flame.glb,
traps__future__flame__trap_flame_active,traps/future/flame/trap_flame_active.png,trap_flame,active,TO_GENERATE,POST_MVP,34,traps/future/flame/trap_flame_reference.png,"Edit the canonical flame trap in the active state, keeping the same exact design family and the project art direction.",animated_mesh,models/traps/flame/trap_flame.glb,
traps__future__flame__trap_flame_broken,traps/future/flame/trap_flame_broken.png,trap_flame,broken,TO_GENERATE,POST_MVP,35,traps/future/flame/trap_flame_reference.png,"Edit the canonical flame trap in the broken state, keeping the same exact design family and the project art direction.",variant_mesh,models/traps/flame/trap_flame_broken.glb,
traps__future__ice__trap_ice_reference,traps/future/ice/trap_ice_reference.png,trap_ice,reference,TO_GENERATE,POST_MVP,36,,"Create the canonical ice trap in the reference state, keeping the same exact design family and the project art direction.",animated_mesh,models/traps/ice/trap_ice.glb,
traps__future__ice__trap_ice_inactive,traps/future/ice/trap_ice_inactive.png,trap_ice,inactive,TO_GENERATE,POST_MVP,37,traps/future/ice/trap_ice_reference.png,"Edit the canonical ice trap in the inactive state, keeping the same exact design family and the project art direction.",animated_mesh,models/traps/ice/trap_ice.glb,
traps__future__ice__trap_ice_active,traps/future/ice/trap_ice_active.png,trap_ice,active,TO_GENERATE,POST_MVP,38,traps/future/ice/trap_ice_reference.png,"Edit the canonical ice trap in the active state, keeping the same exact design family and the project art direction.",animated_mesh,models/traps/ice/trap_ice.glb,
traps__future__ice__trap_ice_broken,traps/future/ice/trap_ice_broken.png,trap_ice,broken,TO_GENERATE,POST_MVP,39,traps/future/ice/trap_ice_reference.png,"Edit the canonical ice trap in the broken state, keeping the same exact design family and the project art direction.",variant_mesh,models/traps/ice/trap_ice_broken.glb,
traps__future__acid__trap_acid_reference,traps/future/acid/trap_acid_reference.png,trap_acid,reference,TO_GENERATE,POST_MVP,40,,"Create the canonical acid trap in the reference state, keeping the same exact design family and the project art direction.",animated_mesh,models/traps/acid/trap_acid.glb,
traps__future__acid__trap_acid_inactive,traps/future/acid/trap_acid_inactive.png,trap_acid,inactive,TO_GENERATE,POST_MVP,41,traps/future/acid/trap_acid_reference.png,"Edit the canonical acid trap in the inactive state, keeping the same exact design family and the project art direction.",animated_mesh,models/traps/acid/trap_acid.glb,
traps__future__acid__trap_acid_active,traps/future/acid/trap_acid_active.png,trap_acid,active,TO_GENERATE,POST_MVP,42,traps/future/acid/trap_acid_reference.png,"Edit the canonical acid trap in the active state, keeping the same exact design family and the project art direction.",animated_mesh,models/traps/acid/trap_acid.glb,
traps__future__acid__trap_acid_broken,traps/future/acid/trap_acid_broken.png,trap_acid,broken,TO_GENERATE,POST_MVP,43,traps/future/acid/trap_acid_reference.png,"Edit the canonical acid trap in the broken state, keeping the same exact design family and the project art direction.",variant_mesh,models/traps/acid/trap_acid_broken.glb,
doors__reinforced__door_reinforced_reference,doors/reinforced/door_reinforced_reference.png,door_reinforced,reference,TO_GENERATE,POST_MVP,44,,"Create canonical heavier reinforced dungeon door, thicker bands and braces.",shared_hinged_mesh,models/doors/door_reinforced.glb,
doors__reinforced__door_reinforced_closed,doors/reinforced/door_reinforced_closed.png,door_reinforced,closed,TO_GENERATE,POST_MVP,45,doors/reinforced/door_reinforced_reference.png,"Edit the canonical reinforced door into the closed state; preserve exact frame, materials, ornaments and proportions.",shared_hinged_mesh,models/doors/door_reinforced.glb,
doors__reinforced__door_reinforced_open,doors/reinforced/door_reinforced_open.png,door_reinforced,open,TO_GENERATE,POST_MVP,46,doors/reinforced/door_reinforced_reference.png,"Edit the canonical reinforced door into the open state; preserve exact frame, materials, ornaments and proportions.",shared_hinged_mesh,models/doors/door_reinforced.glb,
doors__reinforced__door_reinforced_damaged,doors/reinforced/door_reinforced_damaged.png,door_reinforced,damaged,TO_GENERATE,POST_MVP,47,doors/reinforced/door_reinforced_reference.png,"Edit the canonical reinforced door into the damaged state; preserve exact frame, materials, ornaments and proportions.",variant_mesh,models/doors/door_reinforced_damaged.glb,
doors__reinforced__door_reinforced_destroyed,doors/reinforced/door_reinforced_destroyed.png,door_reinforced,destroyed,TO_GENERATE,POST_MVP,48,doors/reinforced/door_reinforced_reference.png,"Edit the canonical reinforced door into the destroyed state; preserve exact frame, materials, ornaments and proportions.",variant_mesh,models/doors/door_reinforced_destroyed.glb,
doors__locked__door_locked_reference,doors/locked/door_locked_reference.png,door_locked,reference,TO_GENERATE,POST_MVP,49,,Create canonical locked dungeon door with readable mechanical lock/lockplate for Thief interaction.,shared_hinged_mesh,models/doors/door_locked.glb,
doors__locked__door_locked_closed,doors/locked/door_locked_closed.png,door_locked,closed,TO_GENERATE,POST_MVP,50,doors/locked/door_locked_reference.png,"Edit the canonical locked door into the closed state; preserve exact frame, materials, ornaments and proportions.",shared_hinged_mesh,models/doors/door_locked.glb,
doors__locked__door_locked_open,doors/locked/door_locked_open.png,door_locked,open,TO_GENERATE,POST_MVP,51,doors/locked/door_locked_reference.png,"Edit the canonical locked door into the open state; preserve exact frame, materials, ornaments and proportions.",shared_hinged_mesh,models/doors/door_locked.glb,
doors__locked__door_locked_damaged,doors/locked/door_locked_damaged.png,door_locked,damaged,TO_GENERATE,POST_MVP,52,doors/locked/door_locked_reference.png,"Edit the canonical locked door into the damaged state; preserve exact frame, materials, ornaments and proportions.",variant_mesh,models/doors/door_locked_damaged.glb,
doors__locked__door_locked_destroyed,doors/locked/door_locked_destroyed.png,door_locked,destroyed,TO_GENERATE,POST_MVP,53,doors/locked/door_locked_reference.png,"Edit the canonical locked door into the destroyed state; preserve exact frame, materials, ornaments and proportions.",variant_mesh,models/doors/door_locked_destroyed.glb,
doors__trapped__door_trapped_reference,doors/trapped/door_trapped_reference.png,door_trapped,reference,TO_GENERATE,POST_MVP,54,,"Create canonical door with integrated supernatural trap cues, still readable as the same doorway.",shared_hinged_mesh,models/doors/door_trapped.glb,
doors__trapped__door_trapped_closed,doors/trapped/door_trapped_closed.png,door_trapped,closed,TO_GENERATE,POST_MVP,55,doors/trapped/door_trapped_reference.png,"Edit the canonical trapped door into the closed state; preserve exact frame, materials, ornaments and proportions.",shared_hinged_mesh,models/doors/door_trapped.glb,
doors__trapped__door_trapped_open,doors/trapped/door_trapped_open.png,door_trapped,open,TO_GENERATE,POST_MVP,56,doors/trapped/door_trapped_reference.png,"Edit the canonical trapped door into the open state; preserve exact frame, materials, ornaments and proportions.",shared_hinged_mesh,models/doors/door_trapped.glb,
doors__trapped__door_trapped_damaged,doors/trapped/door_trapped_damaged.png,door_trapped,damaged,TO_GENERATE,POST_MVP,57,doors/trapped/door_trapped_reference.png,"Edit the canonical trapped door into the damaged state; preserve exact frame, materials, ornaments and proportions.",variant_mesh,models/doors/door_trapped_damaged.glb,
doors__trapped__door_trapped_destroyed,doors/trapped/door_trapped_destroyed.png,door_trapped,destroyed,TO_GENERATE,POST_MVP,58,doors/trapped/door_trapped_reference.png,"Edit the canonical trapped door into the destroyed state; preserve exact frame, materials, ornaments and proportions.",variant_mesh,models/doors/door_trapped_destroyed.glb,
doors__magic_sealed__door_magic_sealed_reference,doors/magic_sealed/door_magic_sealed_reference.png,door_magic_sealed,reference,TO_GENERATE,POST_MVP,59,,"Create canonical magically sealed door with restrained violet runic seal, not a glowing wall of purple.",shared_hinged_mesh,models/doors/door_magic_sealed.glb,
doors__magic_sealed__door_magic_sealed_closed,doors/magic_sealed/door_magic_sealed_closed.png,door_magic_sealed,closed,TO_GENERATE,POST_MVP,60,doors/magic_sealed/door_magic_sealed_reference.png,"Edit the canonical magic_sealed door into the closed state; preserve exact frame, materials, ornaments and proportions.",shared_hinged_mesh,models/doors/door_magic_sealed.glb,
doors__magic_sealed__door_magic_sealed_open,doors/magic_sealed/door_magic_sealed_open.png,door_magic_sealed,open,TO_GENERATE,POST_MVP,61,doors/magic_sealed/door_magic_sealed_reference.png,"Edit the canonical magic_sealed door into the open state; preserve exact frame, materials, ornaments and proportions.",shared_hinged_mesh,models/doors/door_magic_sealed.glb,
doors__magic_sealed__door_magic_sealed_damaged,doors/magic_sealed/door_magic_sealed_damaged.png,door_magic_sealed,damaged,TO_GENERATE,POST_MVP,62,doors/magic_sealed/door_magic_sealed_reference.png,"Edit the canonical magic_sealed door into the damaged state; preserve exact frame, materials, ornaments and proportions.",variant_mesh,models/doors/door_magic_sealed_damaged.glb,
doors__magic_sealed__door_magic_sealed_destroyed,doors/magic_sealed/door_magic_sealed_destroyed.png,door_magic_sealed,destroyed,TO_GENERATE,POST_MVP,63,doors/magic_sealed/door_magic_sealed_reference.png,"Edit the canonical magic_sealed door into the destroyed state; preserve exact frame, materials, ornaments and proportions.",variant_mesh,models/doors/door_magic_sealed_destroyed.glb,
storage__cache__cache_reference,storage/cache/cache_reference.png,cache,reference,TO_GENERATE,MVP,64,,"Create canonical compact secure cache structure; practical, low-profile, supernatural dungeon ownership cues.",shared_mesh_plus_contents,models/storage/cache.glb,
storage__cache__cache_empty,storage/cache/cache_empty.png,cache,empty,TO_GENERATE,MVP,65,storage/cache/cache_reference.png,Edit the same canonical cache into the empty state. Keep structure identical; only contents/damage may change.,shared_mesh_plus_contents,models/storage/cache.glb,
storage__cache__cache_partially_filled,storage/cache/cache_partially_filled.png,cache,partially_filled,TO_GENERATE,MVP,66,storage/cache/cache_reference.png,Edit the same canonical cache into the partially_filled state. Keep structure identical; only contents/damage may change.,shared_mesh_plus_contents,models/storage/cache.glb,
storage__cache__cache_full,storage/cache/cache_full.png,cache,full,TO_GENERATE,MVP,67,storage/cache/cache_reference.png,Edit the same canonical cache into the full state. Keep structure identical; only contents/damage may change.,shared_mesh_plus_contents,models/storage/cache.glb,
storage__cache__cache_destroyed,storage/cache/cache_destroyed.png,cache,destroyed,TO_GENERATE,MVP,68,storage/cache/cache_reference.png,Edit the same canonical cache into the destroyed state. Keep structure identical; only contents/damage may change.,variant_mesh,models/storage/cache_destroyed.glb,
storage__reliquary__reliquary_reference,storage/reliquary/reliquary_reference.png,reliquary,reference,TO_GENERATE,POST_MVP,69,,Create canonical ornate reliquary for rare relics; restrained gold/brass and violet accents.,shared_mesh_plus_contents,models/storage/reliquary.glb,
storage__reliquary__reliquary_empty,storage/reliquary/reliquary_empty.png,reliquary,empty,TO_GENERATE,POST_MVP,70,storage/reliquary/reliquary_reference.png,Edit the same canonical reliquary into the empty state. Keep structure identical; only contents/damage may change.,shared_mesh_plus_contents,models/storage/reliquary.glb,
storage__reliquary__reliquary_partially_filled,storage/reliquary/reliquary_partially_filled.png,reliquary,partially_filled,TO_GENERATE,POST_MVP,71,storage/reliquary/reliquary_reference.png,Edit the same canonical reliquary into the partially_filled state. Keep structure identical; only contents/damage may change.,shared_mesh_plus_contents,models/storage/reliquary.glb,
storage__reliquary__reliquary_full,storage/reliquary/reliquary_full.png,reliquary,full,TO_GENERATE,POST_MVP,72,storage/reliquary/reliquary_reference.png,Edit the same canonical reliquary into the full state. Keep structure identical; only contents/damage may change.,shared_mesh_plus_contents,models/storage/reliquary.glb,
storage__reliquary__reliquary_destroyed,storage/reliquary/reliquary_destroyed.png,reliquary,destroyed,TO_GENERATE,POST_MVP,73,storage/reliquary/reliquary_reference.png,Edit the same canonical reliquary into the destroyed state. Keep structure identical; only contents/damage may change.,variant_mesh,models/storage/reliquary_destroyed.glb,
storage__vault__vault_reference,storage/vault/vault_reference.png,vault,reference,TO_GENERATE,POST_MVP,74,,"Create canonical larger dedicated vault storage structure, distinct from the portable chest.",shared_mesh_plus_contents,models/storage/vault.glb,
storage__vault__vault_empty,storage/vault/vault_empty.png,vault,empty,TO_GENERATE,POST_MVP,75,storage/vault/vault_reference.png,Edit the same canonical vault into the empty state. Keep structure identical; only contents/damage may change.,shared_mesh_plus_contents,models/storage/vault.glb,
storage__vault__vault_partially_filled,storage/vault/vault_partially_filled.png,vault,partially_filled,TO_GENERATE,POST_MVP,76,storage/vault/vault_reference.png,Edit the same canonical vault into the partially_filled state. Keep structure identical; only contents/damage may change.,shared_mesh_plus_contents,models/storage/vault.glb,
storage__vault__vault_full,storage/vault/vault_full.png,vault,full,TO_GENERATE,POST_MVP,77,storage/vault/vault_reference.png,Edit the same canonical vault into the full state. Keep structure identical; only contents/damage may change.,shared_mesh_plus_contents,models/storage/vault.glb,
storage__vault__vault_destroyed,storage/vault/vault_destroyed.png,vault,destroyed,TO_GENERATE,POST_MVP,78,storage/vault/vault_reference.png,Edit the same canonical vault into the destroyed state. Keep structure identical; only contents/damage may change.,variant_mesh,models/storage/vault_destroyed.glb,
structures__expansion_sanctuary__expansion_sanctuary_reference,structures/expansion_sanctuary/expansion_sanctuary_reference.png,expansion_sanctuary,reference,TO_GENERATE,POST_MVP,79,,"Create the canonical Expansion Sanctuary: a special ritual/research structure used to found a new dungeon; supernatural, architectural, not a generic altar.",static_mesh_plus_vfx,models/structures/expansion_sanctuary.glb,
structures__expansion_sanctuary__expansion_sanctuary_idle,structures/expansion_sanctuary/expansion_sanctuary_idle.png,expansion_sanctuary,idle,TO_GENERATE,POST_MVP,80,structures/expansion_sanctuary/expansion_sanctuary_reference.png,Same Expansion Sanctuary dormant and intact.,static_mesh_plus_vfx,models/structures/expansion_sanctuary.glb,
structures__expansion_sanctuary__expansion_sanctuary_researching,structures/expansion_sanctuary/expansion_sanctuary_researching.png,expansion_sanctuary,researching,TO_GENERATE,POST_MVP,81,structures/expansion_sanctuary/expansion_sanctuary_reference.png,"Same Expansion Sanctuary actively performing the expansion ritual/research, with focused violet energy.",static_mesh_plus_vfx,models/structures/expansion_sanctuary.glb,
structures__expansion_sanctuary__expansion_sanctuary_interrupted,structures/expansion_sanctuary/expansion_sanctuary_interrupted.png,expansion_sanctuary,interrupted,TO_GENERATE,POST_MVP,82,structures/expansion_sanctuary/expansion_sanctuary_reference.png,Same Expansion Sanctuary visibly interrupted/damaged but still recognizable.,variant_mesh,models/structures/expansion_sanctuary_interrupted.glb,
structures__expansion_sanctuary__expansion_sanctuary_destroyed,structures/expansion_sanctuary/expansion_sanctuary_destroyed.png,expansion_sanctuary,destroyed,TO_GENERATE,POST_MVP,83,structures/expansion_sanctuary/expansion_sanctuary_reference.png,Same Expansion Sanctuary destroyed and unusable.,variant_mesh,models/structures/expansion_sanctuary_destroyed.glb,
environment__modules__floor_tile_uncontrolled,environment/modules/floor_tile_uncontrolled.png,floor_tile_uncontrolled,reference,TO_GENERATE,MVP,84,,Create one isolated modular environment asset: natural cool-gray irregular dungeon rock floor tile. Tile-friendly silhouette where applicable; no surrounding room.,modular_static_mesh,models/environment/floor_tile_uncontrolled.glb,
environment__modules__floor_tile_controlled,environment/modules/floor_tile_controlled.png,floor_tile_controlled,reference,TO_GENERATE,MVP,85,,"Create one isolated modular environment asset: controlled dungeon floor tile, darker and subtly ordered with restrained violet mineral/root veins. Tile-friendly silhouette where applicable; no surrounding room.",modular_static_mesh,models/environment/floor_tile_controlled.glb,
environment__modules__floor_tile_strong_influence,environment/modules/floor_tile_strong_influence.png,floor_tile_strong_influence,reference,TO_GENERATE,MVP,86,,Create one isolated modular environment asset: strongly influenced floor tile with subtle impossible geometry and brighter but restrained supernatural seams. Tile-friendly silhouette where applicable; no surrounding room.,modular_static_mesh,models/environment/floor_tile_strong_influence.glb,
environment__modules__wall_straight_uncontrolled,environment/modules/wall_straight_uncontrolled.png,wall_straight_uncontrolled,reference,TO_GENERATE,MVP,87,,Create one isolated modular environment asset: natural irregular cool-gray rock wall module. Tile-friendly silhouette where applicable; no surrounding room.,modular_static_mesh,models/environment/wall_straight_uncontrolled.glb,
environment__modules__wall_straight_controlled,environment/modules/wall_straight_controlled.png,wall_straight_controlled,reference,TO_GENERATE,MVP,88,,Create one isolated modular environment asset: controlled darker wall module with subtle ordered supernatural mineral/root structures. Tile-friendly silhouette where applicable; no surrounding room.,modular_static_mesh,models/environment/wall_straight_controlled.glb,
environment__modules__wall_corner_controlled,environment/modules/wall_corner_controlled.png,wall_corner_controlled,reference,TO_GENERATE,MVP,89,,Create one isolated modular environment asset: 90-degree controlled dungeon wall corner matching wall_straight_controlled. Tile-friendly silhouette where applicable; no surrounding room.,modular_static_mesh,models/environment/wall_corner_controlled.glb,
environment__modules__pillar_controlled,environment/modules/pillar_controlled.png,pillar_controlled,reference,TO_GENERATE,MVP,90,,Create one isolated modular environment asset: modular controlled dungeon pillar. Tile-friendly silhouette where applicable; no surrounding room.,modular_static_mesh,models/environment/pillar_controlled.glb,
environment__modules__stairs_controlled,environment/modules/stairs_controlled.png,stairs_controlled,reference,TO_GENERATE,MVP,91,,Create one isolated modular environment asset: modular dungeon stairs matching controlled stone language. Tile-friendly silhouette where applicable; no surrounding room.,modular_static_mesh,models/environment/stairs_controlled.glb,
environment__modules__bridge_controlled,environment/modules/bridge_controlled.png,bridge_controlled,reference,TO_GENERATE,MVP,92,,Create one isolated modular environment asset: short modular dungeon bridge matching controlled stone language. Tile-friendly silhouette where applicable; no surrounding room.,modular_static_mesh,models/environment/bridge_controlled.glb,
environment__modules__cave_rock_cluster,environment/modules/cave_rock_cluster.png,cave_rock_cluster,reference,TO_GENERATE,MVP,93,,Create one isolated modular environment asset: generic irregular cave rock cluster for transitions. Tile-friendly silhouette where applicable; no surrounding room.,modular_static_mesh,models/environment/cave_rock_cluster.glb,
environment__modules__dungeon_vein_segment,environment/modules/dungeon_vein_segment.png,dungeon_vein_segment,reference,TO_GENERATE,MVP,94,,Create one isolated modular environment asset: supernatural vein/root mineral segment that can run along walls/floors toward the Core. Tile-friendly silhouette where applicable; no surrounding room.,modular_static_mesh,models/environment/dungeon_vein_segment.glb,
environment__modules__influence_crack_cluster,environment/modules/influence_crack_cluster.png,influence_crack_cluster,reference,TO_GENERATE,MVP,95,,Create one isolated modular environment asset: small cluster of violet influence cracks for modular placement. Tile-friendly silhouette where applicable; no surrounding room.,modular_static_mesh,models/environment/influence_crack_cluster.glb,
environment__modules__floating_rock_cluster,environment/modules/floating_rock_cluster.png,floating_rock_cluster,reference,TO_GENERATE,MVP,96,,Create one isolated modular environment asset: small floating rock fragment cluster showing strong Core influence. Tile-friendly silhouette where applicable; no surrounding room.,modular_static_mesh,models/environment/floating_rock_cluster.glb,
environment__props__torch_sconce,environment/props/torch_sconce.png,torch_sconce,reference,TO_GENERATE,POST_MVP,97,,"Create one isolated prop: wall-mounted torch sconce, readable and compact; use project materials and restrained violet accents only where appropriate.",static_mesh,models/props/torch_sconce.glb,
environment__props__brazier,environment/props/brazier.png,brazier,reference,TO_GENERATE,POST_MVP,98,,Create one isolated prop: small freestanding brazier; use project materials and restrained violet accents only where appropriate.,static_mesh,models/props/brazier.glb,
environment__props__banner,environment/props/banner.png,banner,reference,TO_GENERATE,POST_MVP,99,,"Create one isolated prop: vertical dungeon banner with abstract supernatural emblem, no readable text; use project materials and restrained violet accents only where appropriate.",static_mesh,models/props/banner.glb,
environment__props__crate,environment/props/crate.png,crate,reference,TO_GENERATE,POST_MVP,100,,Create one isolated prop: simple reinforced wooden crate; use project materials and restrained violet accents only where appropriate.,static_mesh,models/props/crate.glb,
environment__props__barrel,environment/props/barrel.png,barrel,reference,TO_GENERATE,POST_MVP,101,,Create one isolated prop: simple reinforced wooden barrel; use project materials and restrained violet accents only where appropriate.,static_mesh,models/props/barrel.glb,
environment__props__bookshelf,environment/props/bookshelf.png,bookshelf,reference,TO_GENERATE,POST_MVP,102,,Create one isolated prop: compact dungeon bookshelf with stylized books and curios; use project materials and restrained violet accents only where appropriate.,static_mesh,models/props/bookshelf.glb,
environment__props__table,environment/props/table.png,table,reference,TO_GENERATE,POST_MVP,103,,Create one isolated prop: sturdy stylized dungeon table; use project materials and restrained violet accents only where appropriate.,static_mesh,models/props/table.glb,
environment__props__chair,environment/props/chair.png,chair,reference,TO_GENERATE,POST_MVP,104,,Create one isolated prop: sturdy stylized dungeon chair; use project materials and restrained violet accents only where appropriate.,static_mesh,models/props/chair.glb,
environment__props__spiked_fence,environment/props/spiked_fence.png,spiked_fence,reference,TO_GENERATE,POST_MVP,105,,Create one isolated prop: short modular spiked fence/barrier; use project materials and restrained violet accents only where appropriate.,static_mesh,models/props/spiked_fence.glb,
environment__props__portcullis,environment/props/portcullis.png,portcullis,reference,TO_GENERATE,POST_MVP,106,,Create one isolated prop: standalone portcullis gate mechanism; use project materials and restrained violet accents only where appropriate.,static_mesh,models/props/portcullis.glb,
environment__props__magic_focus,environment/props/magic_focus.png,magic_focus,reference,TO_GENERATE,POST_MVP,107,,Create one isolated prop: small non-Core magical focus object; clearly not the Dungeon Core; use project materials and restrained violet accents only where appropriate.,static_mesh,models/props/magic_focus.glb,
environment__props__ritual_altar,environment/props/ritual_altar.png,ritual_altar,reference,TO_GENERATE,POST_MVP,108,,Create one isolated prop: small ritual altar distinct from Expansion Sanctuary and Core; use project materials and restrained violet accents only where appropriate.,static_mesh,models/props/ritual_altar.glb,
loot__loot_bag,loot/loot_bag.png,loot_bag,reference,TO_GENERATE,MVP,109,,"Create one isolated loot prop: adventurer loot bag, readable at mobile scale. No character or corpse included.",static_mesh,models/loot/loot_bag.glb,
loot__gold_pile_small,loot/gold_pile_small.png,gold_pile_small,reference,TO_GENERATE,MVP,110,,Create one isolated loot prop: small warm-gold treasure pile. No character or corpse included.,static_mesh,models/loot/gold_pile_small.glb,
loot__gold_pile_medium,loot/gold_pile_medium.png,gold_pile_medium,reference,TO_GENERATE,MVP,111,,Create one isolated loot prop: medium warm-gold treasure pile. No character or corpse included.,static_mesh,models/loot/gold_pile_medium.glb,
loot__gold_pile_large,loot/gold_pile_large.png,gold_pile_large,reference,TO_GENERATE,MVP,112,,Create one isolated loot prop: large warm-gold treasure pile. No character or corpse included.,static_mesh,models/loot/gold_pile_large.glb,
loot__relic_bundle,loot/relic_bundle.png,relic_bundle,reference,TO_GENERATE,MVP,113,,Create one isolated loot prop: small bundle of rare relics/artifacts. No character or corpse included.,static_mesh,models/loot/relic_bundle.glb,
loot__dropped_weapon_bundle,loot/dropped_weapon_bundle.png,dropped_weapon_bundle,reference,TO_GENERATE,MVP,114,,"Create one isolated loot prop: small generic dropped adventurer gear bundle, non-gory. No character or corpse included.",static_mesh,models/loot/dropped_weapon_bundle.glb,
characters__heroes__hero_vulpin_thief,characters/heroes/hero_vulpin_thief.png,hero_vulpin_thief,reference,TO_GENERATE,POST_MVP,115,,"Create one full-body isolated hero in neutral readable pose: Vulpin fox-like humanoid Thief; agile, curious silhouette; cape, daggers, oversized loot bag; expressive ears and tail. 5–6 heads tall, stylized low-poly, not chibi. No environment.",rigged_character_mesh,models/characters/hero_vulpin_thief.glb,
characters__heroes__hero_lithide_paladin,characters/heroes/hero_lithide_paladin.png,hero_lithide_paladin,reference,TO_GENERATE,POST_MVP,116,,"Create one full-body isolated hero in neutral readable pose: Lithide living-stone Paladin; massive angular stone body, subtle luminous mineral seams/runes, large shield; stubborn and imposing. 5–6 heads tall, stylized low-poly, not chibi. No environment.",rigged_character_mesh,models/characters/hero_lithide_paladin.glb,
characters__heroes__hero_batrafian_ranger,characters/heroes/hero_batrafian_ranger.png,hero_batrafian_ranger,reference,TO_GENERATE,POST_MVP,117,,"Create one full-body isolated hero in neutral readable pose: Batrafian frog/amphibian humanoid Ranger/Scout; compact agile silhouette, ranged weapon, alert exploratory posture. 5–6 heads tall, stylized low-poly, not chibi. No environment.",rigged_character_mesh,models/characters/hero_batrafian_ranger.glb,
characters__heroes__hero_mycean_mage,characters/heroes/hero_mycean_mage.png,hero_mycean_mage,reference,TO_GENERATE,POST_MVP,118,,"Create one full-body isolated hero in neutral readable pose: Mycean fungal humanoid Mage; mushroom/fungal silhouette, soft bioluminescence, magical focus/staff. 5–6 heads tall, stylized low-poly, not chibi. No environment.",rigged_character_mesh,models/characters/hero_mycean_mage.glb,
characters__heroes__hero_nocturne_priest,characters/heroes/hero_nocturne_priest.png,hero_nocturne_priest,reference,TO_GENERATE,POST_MVP,119,,"Create one full-body isolated hero in neutral readable pose: Nocturne owl/bird-inspired Priest; scholarly and spiritual silhouette, wings/feather anatomy readable without resembling a human in a bird mask. 5–6 heads tall, stylized low-poly, not chibi. No environment.",rigged_character_mesh,models/characters/hero_nocturne_priest.glb,
characters__heroes__hero_saurian_warrior,characters/heroes/hero_saurian_warrior.png,hero_saurian_warrior,reference,TO_GENERATE,POST_MVP,120,,"Create one full-body isolated hero in neutral readable pose: Saurian reptilian humanoid Warrior; sturdy martial silhouette, practical armor and melee weapon. 5–6 heads tall, stylized low-poly, not chibi. No environment.",rigged_character_mesh,models/characters/hero_saurian_warrior.glb,
characters__heroes__hero_forged_sapper,characters/heroes/hero_forged_sapper.png,hero_forged_sapper,reference,TO_GENERATE,POST_MVP,121,,"Create one full-body isolated hero in neutral readable pose: Forged artificial fantasy Sapper; constructed from stone/metal/ceramic plus magic, structural-demolition tools. 5–6 heads tall, stylized low-poly, not chibi. No environment.",rigged_character_mesh,models/characters/hero_forged_sapper.glb,
characters__heroes__hero_human_barbarian,characters/heroes/hero_human_barbarian.png,hero_human_barbarian,reference,TO_GENERATE,POST_MVP,122,,"Create one full-body isolated hero in neutral readable pose: Human Barbarian; humans are a minority species, direct aggressive silhouette, simple heavy weapon. 5–6 heads tall, stylized low-poly, not chibi. No environment.",rigged_character_mesh,models/characters/hero_human_barbarian.glb,
characters__creatures__creature_shardling,characters/creatures/creature_shardling.png,creature_shardling,reference,TO_GENERATE,POST_MVP,123,,Create one full-body isolated dungeon creature: small creature made from levitating dungeon rock shards held together by supernatural influence. It must look created by the dungeon rather than a generic goblin/orc/demon.,rigged_character_mesh,models/creatures/creature_shardling.glb,
characters__creatures__creature_hollow,characters/creatures/creature_hollow.png,creature_hollow,reference,TO_GENERATE,POST_MVP,124,,"Create one full-body isolated dungeon creature: animated empty shell/armor-like dungeon construct, visibly hollow and created by the dungeon. It must look created by the dungeon rather than a generic goblin/orc/demon.",rigged_character_mesh,models/creatures/creature_hollow.glb,
characters__creatures__creature_maw,characters/creatures/creature_maw.png,creature_maw,reference,TO_GENERATE,POST_MVP,125,,Create one full-body isolated dungeon creature: wall-integrated dungeon creature with a supernatural mouth/ambush form; not a generic demon. It must look created by the dungeon rather than a generic goblin/orc/demon.,rigged_character_mesh,models/creatures/creature_maw.glb,
characters__creatures__creature_wraith,characters/creatures/creature_wraith.png,creature_wraith,reference,TO_GENERATE,POST_MVP,126,,Create one full-body isolated dungeon creature: stylized supernatural dungeon wraith with readable silhouette and restrained violet energy. It must look created by the dungeon rather than a generic goblin/orc/demon.,rigged_character_mesh,models/creatures/creature_wraith.glb,
world_map__world_village_cluster,world_map/world_village_cluster.png,world_village_cluster,reference,TO_GENERATE,POST_MVP,127,,"Create one isolated world-map diorama asset: warm stylized village cluster for a 3D diorama world map. Surface world should feel alive, warm and colorful unless this is the influence marker.",diorama_static_mesh,models/world_map/world_village_cluster.glb,
world_map__world_castle,world_map/world_castle.png,world_castle,reference,TO_GENERATE,POST_MVP,128,,"Create one isolated world-map diorama asset: warm stylized fantasy castle landmark for world map. Surface world should feel alive, warm and colorful unless this is the influence marker.",diorama_static_mesh,models/world_map/world_castle.glb,
world_map__world_forest_cluster,world_map/world_forest_cluster.png,world_forest_cluster,reference,TO_GENERATE,POST_MVP,129,,"Create one isolated world-map diorama asset: stylized forest cluster for world map. Surface world should feel alive, warm and colorful unless this is the influence marker.",diorama_static_mesh,models/world_map/world_forest_cluster.glb,
world_map__world_mountain_cluster,world_map/world_mountain_cluster.png,world_mountain_cluster,reference,TO_GENERATE,POST_MVP,130,,"Create one isolated world-map diorama asset: stylized mountain cluster for world map. Surface world should feel alive, warm and colorful unless this is the influence marker.",diorama_static_mesh,models/world_map/world_mountain_cluster.glb,
world_map__world_trade_road_segment,world_map/world_trade_road_segment.png,world_trade_road_segment,reference,TO_GENERATE,POST_MVP,131,,"Create one isolated world-map diorama asset: stylized trade road segment. Surface world should feel alive, warm and colorful unless this is the influence marker.",diorama_static_mesh,models/world_map/world_trade_road_segment.glb,
world_map__world_religious_sanctuary,world_map/world_religious_sanctuary.png,world_religious_sanctuary,reference,TO_GENERATE,POST_MVP,132,,"Create one isolated world-map diorama asset: surface-world religious sanctuary landmark. Surface world should feel alive, warm and colorful unless this is the influence marker.",diorama_static_mesh,models/world_map/world_religious_sanctuary.glb,
world_map__world_fungal_forest_cluster,world_map/world_fungal_forest_cluster.png,world_fungal_forest_cluster,reference,TO_GENERATE,POST_MVP,133,,"Create one isolated world-map diorama asset: stylized fungal forest region landmark. Surface world should feel alive, warm and colorful unless this is the influence marker.",diorama_static_mesh,models/world_map/world_fungal_forest_cluster.glb,
world_map__world_magic_region_cluster,world_map/world_magic_region_cluster.png,world_magic_region_cluster,reference,TO_GENERATE,POST_MVP,134,,"Create one isolated world-map diorama asset: stylized magical-region landmark. Surface world should feel alive, warm and colorful unless this is the influence marker.",diorama_static_mesh,models/world_map/world_magic_region_cluster.glb,
world_map__world_dungeon_influence_fissure,world_map/world_dungeon_influence_fissure.png,world_dungeon_influence_fissure,reference,TO_GENERATE,POST_MVP,135,,"Create one isolated world-map diorama asset: subtle dungeon influence fissure/entrance marker; colder local colors and restrained violet cracks. Surface world should feel alive, warm and colorful unless this is the influence marker.",diorama_static_mesh,models/world_map/world_dungeon_influence_fissure.glb,
ui__ui_icon_wealth,ui/ui_icon_wealth.png,ui_icon_wealth,reference,TO_GENERATE,POST_MVP,136,,Create one clean readable UI icon: wealth/gold semantic icon. Must remain identifiable at ~24 px. No 3D generation required.,2d_only_not_for_meshy,N/A,2D UI asset only; do not send to Meshy.
ui__ui_icon_integrity,ui/ui_icon_integrity.png,ui_icon_integrity,reference,TO_GENERATE,POST_MVP,137,,Create one clean readable UI icon: Core integrity/damage semantic icon. Must remain identifiable at ~24 px. No 3D generation required.,2d_only_not_for_meshy,N/A,2D UI asset only; do not send to Meshy.
ui__ui_icon_raid,ui/ui_icon_raid.png,ui_icon_raid,reference,TO_GENERATE,POST_MVP,138,,Create one clean readable UI icon: raid warning/action semantic icon. Must remain identifiable at ~24 px. No 3D generation required.,2d_only_not_for_meshy,N/A,2D UI asset only; do not send to Meshy.
ui__ui_icon_research,ui/ui_icon_research.png,ui_icon_research,reference,TO_GENERATE,POST_MVP,139,,Create one clean readable UI icon: research semantic icon. Must remain identifiable at ~24 px. No 3D generation required.,2d_only_not_for_meshy,N/A,2D UI asset only; do not send to Meshy.
ui__ui_icon_construction,ui/ui_icon_construction.png,ui_icon_construction,reference,TO_GENERATE,POST_MVP,140,,Create one clean readable UI icon: construction semantic icon. Must remain identifiable at ~24 px. No 3D generation required.,2d_only_not_for_meshy,N/A,2D UI asset only; do not send to Meshy.
ui__ui_icon_corpse,ui/ui_icon_corpse.png,ui_icon_corpse,reference,TO_GENERATE,POST_MVP,141,,"Create one clean readable UI icon: persistent corpse semantic icon, non-gory. Must remain identifiable at ~24 px. No 3D generation required.",2d_only_not_for_meshy,N/A,2D UI asset only; do not send to Meshy.
ui__ui_icon_loot,ui/ui_icon_loot.png,ui_icon_loot,reference,TO_GENERATE,POST_MVP,142,,Create one clean readable UI icon: unsecured loot semantic icon. Must remain identifiable at ~24 px. No 3D generation required.,2d_only_not_for_meshy,N/A,2D UI asset only; do not send to Meshy.
ui__ui_icon_door_damage,ui/ui_icon_door_damage.png,ui_icon_door_damage,reference,TO_GENERATE,POST_MVP,143,,Create one clean readable UI icon: door/structure damage semantic icon. Must remain identifiable at ~24 px. No 3D generation required.,2d_only_not_for_meshy,N/A,2D UI asset only; do not send to Meshy.
